{
  "timeZone": "America/Martinique",
  "dependencies": {
    "enabledAdvancedServices": [
      { "userSymbol": "Drive", "version": "v3", "serviceId": "drive" },
      { "userSymbol": "Sheets", "version": "v4", "serviceId": "sheets" },
      { "userSymbol": "Script", "version": "v1", "serviceId": "script" }
    ]
  },
  "exceptionLogging": "STACKDRIVER",
  "runtimeVersion": "V8",
  "oauthScopes": [
    "https://www.googleapis.com/auth/script.external_request",
    "https://www.googleapis.com/auth/script.projects.readonly",
    "https://www.googleapis.com/auth/script.deployments.readonly",
    "https://www.googleapis.com/auth/spreadsheets",
    "https://www.googleapis.com/auth/drive"
  ],
  "webapp": {
    "executeAs": "USER_DEPLOYING",
    "access": "ANYONE_ANONYMOUS"
  }
}