{
  "timeZone": "America/Martinique",
  "dependencies": {
    "enabledAdvancedServices": [
      {
        "userSymbol": "Drive",
        "version": "v3",
        "serviceId": "drive"
      },
      {
        "userSymbol": "Sheets",
        "version": "v4",
        "serviceId": "sheets"
      },
      {
        "userSymbol": "Script",
        "version": "v1",
        "serviceId": "script"
      }
    ]
  },
  "exceptionLogging": "STACKDRIVER",
  "runtimeVersion": "V8",
  "webapp": {
    "executeAs": "USER_DEPLOYING",
    "access": "ANYONE_ANONYMOUS"
  }
}